CODIGO,DISTRITO,DEPARTAMENTO,MUNICIPIO,ESTABLECIMIENTO,DIRECCION,TELEFONO,SUPERVISOR,DIRECTOR,NIVEL,SECTOR,AREA,STATUS,MODALIDAD,JORNADA,PLAN,DEPARTAMENTAL
20-01-0024-46,20-001,CHIQUIMULA,CHIQUIMULA,ESCUELA DE CIENCIAS COMERCIALES NOCTURNA,10A. AVENIDA 3-71 ZONA 1,79422150,CESAR ADALBERTO NOGUERA JACOME,H�CTOR ALIDIO CER�N BRENES,DIVERSIFICADO,OFICIAL,URBANA,ABIERTA,MONOLINGUE,NOCTURNA,DIARIO(REGULAR),CHIQUIMULA
20-01-0029-46,20-001,CHIQUIMULA,CHIQUIMULA,INSTITUTO DIVERSIFICADO ADS. AL INEB 'DR. DAVID GUERRA GUZMAN',2A CALLE ENTRE 11 Y 12 AVENIDAS ZONA 1,43138380,CESAR ADALBERTO NOGUERA JACOME,,DIVERSIFICADO,OFICIAL,URBANA,ABIERTA,MONOLINGUE,VESPERTINA,DIARIO(REGULAR),CHIQUIMULA
20-01-0030-46,20-001,CHIQUIMULA,CHIQUIMULA,ESCUELA NACIONAL DE MAESTROS DE EDUCACION MUSICAL PEM OSCAR AUGUSTO MATEO MORALES,2A CALLE Y 12 AVENIDA ZONA 1,41942927,CESAR ADALBERTO NOGUERA JACOME,,DIVERSIFICADO,OFICIAL,URBANA,ABIERTA,MONOLINGUE,NOCTURNA,DIARIO(REGULAR),CHIQUIMULA
20-01-0031-46,20-024,CHIQUIMULA,CHIQUIMULA,ESCUELA SECUNDARIA PRIVADA MIXTA DE ORIENTE -ESDEO-,2A CALLE 4-40 ZONA 1,79420290,SILVIA MARILENA BUEZO MARTINEZ,ERWIN LEONEL COLIDRES MONROY,DIVERSIFICADO,PRIVADO,URBANA,ABIERTA,MONOLINGUE,VESPERTINA,DIARIO(REGULAR),CHIQUIMULA
20-01-0032-46,20-024,CHIQUIMULA,CHIQUIMULA,"COLEGIO EVANG�LICO MIXTO ""AMIGOS""",10MA AVENIDA 5-38 ZONA 1,79420116,SILVIA MARILENA BUEZO MARTINEZ,ROXANA LISBETH URRUTIA PINTO DE LINARES,DIVERSIFICADO,PRIVADO,URBANA,ABIERTA,MONOLINGUE,VESPERTINA,DIARIO(REGULAR),CHIQUIMULA
20-01-0033-46,20-027,CHIQUIMULA,CHIQUIMULA,INSTITUTO TECNOLOGICO PRIVADO DE ORIENTE,4TA. AVENIDA 4-20 ZONA 1,79425959,SILVIA MARILENA BUEZO MARTINEZ,,DIVERSIFICADO,PRIVADO,URBANA,ABIERTA,MONOLINGUE,DOBLE,DIARIO(REGULAR),CHIQUIMULA
20-01-0034-46,20-001,CHIQUIMULA,CHIQUIMULA,INSTITUTO NORMAL PARA SE�ORITAS DE ORIENTE,4A. CALLE 6-00 ZONA 1,79420228,CESAR ADALBERTO NOGUERA JACOME,,DIVERSIFICADO,OFICIAL,URBANA,ABIERTA,MONOLINGUE,MATUTINA,DIARIO(REGULAR),CHIQUIMULA
20-01-0036-46,20-001,CHIQUIMULA,CHIQUIMULA,INSTITUTO NORMAL PARA VARONES DE ORIENTE,6A AVE. 4-10 ZONA 1,79420425,CESAR ADALBERTO NOGUERA JACOME,,DIVERSIFICADO,OFICIAL,URBANA,ABIERTA,MONOLINGUE,MATUTINA,DIARIO(REGULAR),CHIQUIMULA
20-01-0038-46,20-027,CHIQUIMULA,CHIQUIMULA,"""LICEO LA SALLE""",6A CALLE 3-61 ZONA 1,79420328,SILVIA MARILENA BUEZO MARTINEZ,MARIANGELA YOSSETT LEMUS CATAL�N,DIVERSIFICADO,PRIVADO,URBANA,ABIERTA,MONOLINGUE,MATUTINA,DIARIO(REGULAR),CHIQUIMULA
20-01-0040-46,20-024,CHIQUIMULA,CHIQUIMULA,COLEGIO PRIVADO MIXTO 'SAGRADA FAMILIA',6A AVE. 5-68 ZONA 1,79420232,SILVIA MARILENA BUEZO MARTINEZ,DANIA ISABEL QUIR�S SALINAS,DIVERSIFICADO,PRIVADO,URBANA,ABIERTA,MONOLINGUE,MATUTINA,DIARIO(REGULAR),CHIQUIMULA
20-01-0041-46,99-001,CHIQUIMULA,CHIQUIMULA,INSTITUTO MODERNO CHIQUIMULTECO,CALLE HUGO LEONEL BACARO 9-30 ZONA 1,,SILVIA EUGENIA VALDEZ MONTERROSO DE CARBALLO,,DIVERSIFICADO,PRIVADO,URBANA,ABIERTA,MONOLINGUE,VESPERTINA,DIARIO(REGULAR),CHIQUIMULA
20-01-0132-46,20-038,CHIQUIMULA,CHIQUIMULA,ESCUELA PRIVADA DE EDUCACION FISICA DE ORIENTE,,,ANGELA DEL ROSARIO GARCIA MARCOS,---,DIVERSIFICADO,PRIVADO,URBANA,CERRADA TEMPORALMENTE,MONOLINGUE,VESPERTINA,DIARIO(REGULAR),CHIQUIMULA
20-01-0164-46,20-027,CHIQUIMULA,CHIQUIMULA,INSTITUTO TECNOLOGICO PRIVADO DE ORIENTE,4TA. AVENIDA 4-20 ZONA 1,79422349,SILVIA MARILENA BUEZO MARTINEZ,SALOMON ELIASIB ALVAREZ CORDON,DIVERSIFICADO,PRIVADO,URBANA,ABIERTA,MONOLINGUE,DOBLE,FIN DE SEMANA,CHIQUIMULA
20-01-0176-46,20-024,CHIQUIMULA,CHIQUIMULA,COLEGIO PRIVADO MIXTO BENDICION,4A. CALLE A 13-25 ZONA 1,55357458,SILVIA MARILENA BUEZO MARTINEZ,AXEL YOVANY VILLELA MONROY,DIVERSIFICADO,PRIVADO,URBANA,ABIERTA,MONOLINGUE,DOBLE,FIN DE SEMANA,CHIQUIMULA
20-01-0178-46,20-024,CHIQUIMULA,CHIQUIMULA,COLEGIO EVANGELICO MIXTO ADONAI,8A. AVENIDA 4-40 ZONA 1,79424111,SILVIA MARILENA BUEZO MARTINEZ,,DIVERSIFICADO,PRIVADO,URBANA,ABIERTA,MONOLINGUE,DOBLE,FIN DE SEMANA,CHIQUIMULA
20-01-0179-46,20-024,CHIQUIMULA,CHIQUIMULA,COLEGIO EVANGELICO MIXTO ADONAI,8A. AVENIDA 4-40 ZONA 1,79424111,SILVIA MARILENA BUEZO MARTINEZ,,DIVERSIFICADO,PRIVADO,URBANA,ABIERTA,MONOLINGUE,DOBLE,FIN DE SEMANA,CHIQUIMULA
20-01-0181-46,20-024,CHIQUIMULA,CHIQUIMULA,LICEO SAN PABLO,2A. CALLE 4-40 ZONA 1,79421747,SILVIA MARILENA BUEZO MARTINEZ,EDGAR RENE ANDRADE SAENZ,DIVERSIFICADO,PRIVADO,URBANA,ABIERTA,MONOLINGUE,MATUTINA,DIARIO(REGULAR),CHIQUIMULA
20-01-0182-46,20-024,CHIQUIMULA,CHIQUIMULA,LICEO TECNOLOGICO BILINGUE CHIQUIMULTECO,6A. CALLE 5-20 ZONA 1,79626334,SILVIA MARILENA BUEZO MARTINEZ,EDNA GRACIELA PINTO SAGASTUME DE ESTRADA,DIVERSIFICADO,PRIVADO,URBANA,ABIERTA,MONOLINGUE,DOBLE,FIN DE SEMANA,CHIQUIMULA
20-01-0183-46,20-027,CHIQUIMULA,CHIQUIMULA,COLEGIO PRIVADO MIXTO SABIDURIA,2A. CALLE 4-40 ZONA 1,,SILVIA MARILENA BUEZO MARTINEZ,JOSE LUIS LOPEZ PERALTA,DIVERSIFICADO,PRIVADO,URBANA,CERRADA TEMPORALMENTE,MONOLINGUE,DOBLE,FIN DE SEMANA,CHIQUIMULA
20-01-0184-46,20-027,CHIQUIMULA,CHIQUIMULA,COLEGIO PRIVADO MIXTO SABIDURIA,2DA. CALLE 4-40 ZONA 1,,SILVIA MARILENA BUEZO MARTINEZ,JOSE LUIS LOPEZ PERALTA,DIVERSIFICADO,PRIVADO,URBANA,ABIERTA,MONOLINGUE,DOBLE,FIN DE SEMANA,CHIQUIMULA
20-01-0194-46,20-027,CHIQUIMULA,CHIQUIMULA,COLEGIO SUPERIOR DE INFORMATICA HIGA,1RA. CALLE 5-61 ZONA 2,44043628,SILVIA MARILENA BUEZO MARTINEZ,JOSE DAVID BERCIAN LARA,DIVERSIFICADO,PRIVADO,URBANA,ABIERTA,MONOLINGUE,DOBLE,FIN DE SEMANA,CHIQUIMULA
20-01-0197-46,20-027,CHIQUIMULA,CHIQUIMULA,COLEGIO SUPERIOR DE INFORMATICA HIGA,1RA. CALLE 5-61 ZONA 2,44043628,SILVIA MARILENA BUEZO MARTINEZ,JOSE DAVID BERCIAN LARA,DIVERSIFICADO,PRIVADO,URBANA,ABIERTA,MONOLINGUE,DOBLE,FIN DE SEMANA,CHIQUIMULA
20-01-0198-46,20-027,CHIQUIMULA,CHIQUIMULA,COLEGIO MIXTO EN TECNOLOGIA LATINOAMERICANO,3RA. AVENIDA 4-49 ZONA 1,41795225,SILVIA MARILENA BUEZO MARTINEZ,KATHERINE ROSIBEL SANDOVAL CETINO,DIVERSIFICADO,PRIVADO,URBANA,ABIERTA,MONOLINGUE,MATUTINA,DIARIO(REGULAR),CHIQUIMULA
20-01-0204-46,20-027,CHIQUIMULA,CHIQUIMULA,INSTITUTO TECNOLOGICO PRIVADO DE ORIENTE,4A. AVENIDA 4-20 ZONA 1,79425959,SILVIA MARILENA BUEZO MARTINEZ,SALOMON ELISIB ALVAREZ CORDON,DIVERSIFICADO,PRIVADO,URBANA,ABIERTA,MONOLINGUE,MATUTINA,DIARIO(REGULAR),CHIQUIMULA
20-01-0205-46,20-027,CHIQUIMULA,CHIQUIMULA,CENTRO EDUCATIVO INTEGRAL CASA DEL ALFARERO,14 AVENIDA 5-23 ZONA 7 COLONIA SHOROPIN,54930097,SILVIA MARILENA BUEZO MARTINEZ,MARTA ROSA ROJAS CRUZ,DIVERSIFICADO,PRIVADO,URBANA,ABIERTA,MONOLINGUE,MATUTINA,DIARIO(REGULAR),CHIQUIMULA
20-01-0207-46,20-027,CHIQUIMULA,CHIQUIMULA,COLEGIO SUPERIOR DE INFORM�TICA HIGA,1A. CALLE 5-61 ZONA 2,44043628,SILVIA MARILENA BUEZO MARTINEZ,JOSE DAVID BERCIAN LARA,DIVERSIFICADO,PRIVADO,URBANA,ABIERTA,MONOLINGUE,DOBLE,DIARIO(REGULAR),CHIQUIMULA
20-01-0213-46,20-024,CHIQUIMULA,CHIQUIMULA,LICEO ISRAEL�,5A. CALLE 4-11 ZONA 1,79422500,SILVIA MARILENA BUEZO MARTINEZ,GLADYS EUGENIA RODR�GUEZ RAM�REZ DE D�AZ,DIVERSIFICADO,PRIVADO,URBANA,ABIERTA,MONOLINGUE,MATUTINA,DIARIO(REGULAR),CHIQUIMULA
20-01-0221-46,20-024,CHIQUIMULA,CHIQUIMULA,ESCUELA SECUNDARIA PRIVADA MIXTA DE ORIENTE -ESDEO-,2DA. CALLE 4-40 ZONA 1,79420290,SILVIA MARILENA BUEZO MARTINEZ,ERWIN LEONEL COLINDRES MONROY,DIVERSIFICADO,PRIVADO,URBANA,ABIERTA,MONOLINGUE,DOBLE,DIARIO(REGULAR),CHIQUIMULA
20-01-0232-46,20-024,CHIQUIMULA,CHIQUIMULA,COLEGIO BILING�E MI PEQUE�O MUNDO (MY SMALL WORLD BILINGUAL SCHOOL),8VA. AVENIDA SUR FINAL 1-18 ZONA 4,79425429,SILVIA MARILENA BUEZO MARTINEZ,VILMA DE MAR�A L�PEZ BERGANZA,DIVERSIFICADO,PRIVADO,URBANA,ABIERTA,MONOLINGUE,MATUTINA,DIARIO(REGULAR),CHIQUIMULA
20-01-0235-46,20-027,CHIQUIMULA,CHIQUIMULA,COLEGIO MIXTO EN TECNOLOG�A LATINOAMERICANO,3RA. AVENIDA 4-49 ZONA 1,41795225,SILVIA MARILENA BUEZO MARTINEZ,KATHERINE ROSIBEL SANDOVAL CETINO,DIVERSIFICADO,PRIVADO,URBANA,ABIERTA,MONOLINGUE,DOBLE,FIN DE SEMANA,CHIQUIMULA
20-01-0245-46,20-024,CHIQUIMULA,CHIQUIMULA,"LICEO TEC, TECNOL�GICO, EXPERIMENTAL Y CIENT�FICO","CALZADA H�CTOR AUGUSTO ESPA�A BRACAMONTE, LOTE # 25 ZONA 2",58123452,SILVIA MARILENA BUEZO MARTINEZ,EDGAR REN� ANDRADE S�ENZ,DIVERSIFICADO,PRIVADO,URBANA,ABIERTA,MONOLINGUE,MATUTINA,DIARIO(REGULAR),CHIQUIMULA
20-01-0250-46,20-030,CHIQUIMULA,CHIQUIMULA,CENTRO DE EDUCACI�N EXTRAESCOLAR -CEEX- GRUPO CEIBA,"CALLEJ�N 1, BARRIO EL ZAPOTILLO ZONA 5",46540543,VILMA ESPERANZA LOPEZ INTERIANO,LIZDY PAOLA D�AZ MOLINA,DIVERSIFICADO,OFICIAL,URBANA,ABIERTA,MONOLINGUE,DOBLE,FIN DE SEMANA,CHIQUIMULA
20-01-0251-46,20-030,CHIQUIMULA,CHIQUIMULA,CENTRO DE EDUCACI�N EXTRAESCOLAR -CEEX- COFI�O STAHL,ALDEA EL DURAZNO,55543693,VILMA ESPERANZA LOPEZ INTERIANO,RHOBBIN ALEXANDER ESQUIVEL C�CERES,DIVERSIFICADO,OFICIAL,RURAL,ABIERTA,MONOLINGUE,DOBLE,FIN DE SEMANA,CHIQUIMULA
20-01-0255-46,20-030,CHIQUIMULA,CHIQUIMULA,CENTRO DE EDUCACI�N EXTRAESCOLAR -CEEX- FUNCAFE,6TA AVENIDA Y 4TA. CALLE ZONA 1,31712671,VILMA ESPERANZA LOPEZ INTERIANO,ERIKA JULISA OLIVA DUARTE,DIVERSIFICADO,OFICIAL,URBANA,ABIERTA,MONOLINGUE,DOBLE,FIN DE SEMANA,CHIQUIMULA
20-01-0256-46,20-030,CHIQUIMULA,CHIQUIMULA,PROGRAMA NACIONAL DE EDUCACI�N ALTERNATIVA PRONEA,11 AV. 4-20 ZONA 1,40104955,VILMA ESPERANZA LOPEZ INTERIANO,VILMA ESPERANZA L�PEZ INTERIANO,DIVERSIFICADO,OFICIAL,URBANA,ABIERTA,MONOLINGUE,DOBLE,A DISTANCIA,CHIQUIMULA
20-01-0257-46,20-030,CHIQUIMULA,CHIQUIMULA,"""CENTRO DE EDUCACI�N EXTRAESCOLAR -CEEX- DEPARTAMENTAL""",11 AVENIDA 4-20 ZONA 1,56170043,VILMA ESPERANZA LOPEZ INTERIANO,ANGEL OSIEL BORJA PASCUAL,DIVERSIFICADO,OFICIAL,URBANA,ABIERTA,MONOLINGUE,DOBLE,SEMIPRESENCIAL,CHIQUIMULA
20-01-0465-46,20-027,CHIQUIMULA,CHIQUIMULA,INSTITUTO DE BACHILLERATO POR MADUREZ SUPERACI�N,2A. CALLE 4-40 ZONA 1,79427446,SILVIA MARILENA BUEZO MARTINEZ,OSCAR LEONEL PAIZ DEL CID,DIVERSIFICADO,PRIVADO,URBANA,ABIERTA,MONOLINGUE,DOBLE,FIN DE SEMANA,CHIQUIMULA
20-01-1037-46,20-027,CHIQUIMULA,CHIQUIMULA,COLEGIO INTERNACIONAL AMERICANO EN TURISMO,CALZADA HECTOR AUGUSTO ESPA�A BRACAMONTE LOTE 25 ZONA 2,79426242,SILVIA MARILENA BUEZO MARTINEZ,,DIVERSIFICADO,PRIVADO,URBANA,ABIERTA,MONOLINGUE,MATUTINA,DIARIO(REGULAR),CHIQUIMULA
20-01-1308-46,20-024,CHIQUIMULA,CHIQUIMULA,COMPLEJO EDUCATIVO EXPERIMENTAL DE ORIENTE ATULAPA,KM. 172 CARRETERA A ESQUIPULAS,79420613,SILVIA MARILENA BUEZO MARTINEZ,,DIVERSIFICADO,OFICIAL,RURAL,CERRADA TEMPORALMENTE,MONOLINGUE,MATUTINA,DIARIO(REGULAR),CHIQUIMULA
20-01-1545-46,20-024,CHIQUIMULA,CHIQUIMULA,COLEGIO EVANGELICO MIXTO ADONAI,8A. AVENIDA 4-40 ZONA 1,24705632,SILVIA MARILENA BUEZO MARTINEZ,,DIVERSIFICADO,PRIVADO,URBANA,ABIERTA,MONOLINGUE,VESPERTINA,DIARIO(REGULAR),CHIQUIMULA
20-01-1613-46,20-027,CHIQUIMULA,CHIQUIMULA,COLEGIO SUPERIOR DE INFORMATICA HIGA,1A. CALLE 5-61 ZONA 2,44043628,SILVIA MARILENA BUEZO MARTINEZ,,DIVERSIFICADO,PRIVADO,URBANA,ABIERTA,MONOLINGUE,MATUTINA,DIARIO(REGULAR),CHIQUIMULA
20-01-1615-46,20-027,CHIQUIMULA,CHIQUIMULA,COLEGIO SUPERIOR DE INFORMATICA HIGA,1A. CALLE 5-61 ZONA 2,44043628,SILVIA MARILENA BUEZO MARTINEZ,,DIVERSIFICADO,PRIVADO,URBANA,ABIERTA,MONOLINGUE,VESPERTINA,DIARIO(REGULAR),CHIQUIMULA
20-01-1661-46,,CHIQUIMULA,CHIQUIMULA,ESCUELA SECUNDARIA DE ORIENTE 'ESDEO',2A. CALLE 4-40 ZONA 1,79420290,,,DIVERSIFICADO,PRIVADO,URBANA,CERRADA TEMPORALMENTE,MONOLINGUE,NOCTURNA,DIARIO(REGULAR),CHIQUIMULA
20-01-1749-46,25-000,CHIQUIMULA,CHIQUIMULA,INSTITUTO GUATEMALTECO DE EDUCACION RADIOFONICA (IGER),CHIQUIMULA,,SONIA HAYDEE REYES MONTERROSO,,DIVERSIFICADO,PRIVADO,URBANA,CERRADA TEMPORALMENTE,MONOLINGUE,MATUTINA,A DISTANCIA,CHIQUIMULA
20-01-1846-46,20-001,CHIQUIMULA,CHIQUIMULA,ESCUELA NORMAL INTERCULTURAL,10A. AVENIDA 3-71 ZONA 1,79427427,CESAR ADALBERTO NOGUERA JACOME,,DIVERSIFICADO,OFICIAL,URBANA,ABIERTA,MONOLINGUE,DOBLE,DIARIO(REGULAR),CHIQUIMULA
20-01-1886-46,20-027,CHIQUIMULA,CHIQUIMULA,LICEO 'JUVENIL',"4A, CALLE 3-50 ZONA 1",79420062,SILVIA MARILENA BUEZO MARTINEZ,,DIVERSIFICADO,PRIVADO,URBANA,CERRADA TEMPORALMENTE,MONOLINGUE,MATUTINA,DIARIO(REGULAR),CHIQUIMULA
20-01-2089-46,20-024,CHIQUIMULA,CHIQUIMULA,COLEGIO EVANGELICO MIXTO ADONAI,8A. AVENIDA 4-40 ZONA 1,79424111,SILVIA MARILENA BUEZO MARTINEZ,,DIVERSIFICADO,PRIVADO,URBANA,ABIERTA,MONOLINGUE,MATUTINA,DIARIO(REGULAR),CHIQUIMULA
20-01-2341-46,20-024,CHIQUIMULA,CHIQUIMULA,COLEGIO PRIVADO MIXTO BENDICION,4A. CALLE A 13-25 ZONA 1,55357458,SILVIA MARILENA BUEZO MARTINEZ,,DIVERSIFICADO,PRIVADO,URBANA,ABIERTA,MONOLINGUE,DOBLE,FIN DE SEMANA,CHIQUIMULA
20-01-2349-46,20-027,CHIQUIMULA,CHIQUIMULA,LICEO TECNOCIENCIA BILINGUE DE CHIQUIMULA,4A. CALLE 9-30 ZONA 1,59352245-79438029,SILVIA MARILENA BUEZO MARTINEZ,,DIVERSIFICADO,PRIVADO,URBANA,ABIERTA,MONOLINGUE,DOBLE,FIN DE SEMANA,CHIQUIMULA
20-01-2351-46,20-027,CHIQUIMULA,CHIQUIMULA,LICEO TECNOCIENCIA BILINGUE DE CHIQUIMULA,4A. CALLE 9-30 ZONA 1,79438419,SILVIA MARILENA BUEZO MARTINEZ,,DIVERSIFICADO,PRIVADO,URBANA,ABIERTA,MONOLINGUE,DOBLE,FIN DE SEMANA,CHIQUIMULA
20-01-2352-46,20-027,CHIQUIMULA,CHIQUIMULA,LICEO TECNOCIENCIA BILINGUE DE CHIQUIMULA,4A. CALLE 9-30 ZONA 1,59352245-79438029,SILVIA MARILENA BUEZO MARTINEZ,,DIVERSIFICADO,PRIVADO,URBANA,CERRADA TEMPORALMENTE,MONOLINGUE,VESPERTINA,DIARIO(REGULAR),CHIQUIMULA
20-01-2353-46,20-027,CHIQUIMULA,CHIQUIMULA,LICEO TECNOCIENCIA BILINGUE DE CHIQUIMULA,4A. CALLE 9-30 ZONA 1,79438419,SILVIA MARILENA BUEZO MARTINEZ,,DIVERSIFICADO,PRIVADO,URBANA,ABIERTA,MONOLINGUE,MATUTINA,DIARIO(REGULAR),CHIQUIMULA
20-01-2367-46,20-024,CHIQUIMULA,CHIQUIMULA,COLEGIO ADVENTISTA AMANECER,4A. CALLE 9-81 ZONA 1,79423112,SILVIA MARILENA BUEZO MARTINEZ,,DIVERSIFICADO,PRIVADO,URBANA,CERRADA TEMPORALMENTE,MONOLINGUE,VESPERTINA,DIARIO(REGULAR),CHIQUIMULA
20-01-2378-46,20-027,CHIQUIMULA,CHIQUIMULA,INSTITUTO TECNOLOGICO PRIVADO DE ORIENTE,4A. AV. 4-20 ZONA 1 CHIQUIMULA,79422349,SILVIA MARILENA BUEZO MARTINEZ,,DIVERSIFICADO,PRIVADO,URBANA,ABIERTA,MONOLINGUE,DOBLE,FIN DE SEMANA,CHIQUIMULA
20-02-0006-46,20-039,CHIQUIMULA,SAN JOSE LA ARADA,COLEGIO PRIVADO MIXTO JOSEFINO,BARRIO NUEVO,79437285,FRANCISCO JAVIER GUERRA PAZOS,HEBER MERARY ECHEVERRIA CASTA�EDA,DIVERSIFICADO,PRIVADO,URBANA,CERRADA TEMPORALMENTE,MONOLINGUE,DOBLE,FIN DE SEMANA,CHIQUIMULA
20-02-0010-46,20-034,CHIQUIMULA,SAN JOSE LA ARADA,INSTITUTO MIXTO DE EDUCACION DIVERSIFICADA POR COOPERATIVA DE ENSE�ANZA,COLONIA LAS BRISAS,30576312,BYRON HORACIO SARCE�O ZEPEDA,EDVIN JAVIER ESPA�A CHAC�N,DIVERSIFICADO,COOPERATIVA,URBANA,ABIERTA,MONOLINGUE,VESPERTINA,DIARIO(REGULAR),CHIQUIMULA
20-02-0012-46,20-030,CHIQUIMULA,SAN JOSE LA ARADA,CENTRO DE EDUCACI�N EXTRAESCOLAR -CEEX- FUNCAFE,ALDEA SASP�N,42580713,VILMA ESPERANZA LOPEZ INTERIANO,MAR�A OFELIA BARAHONA CERVANTES,DIVERSIFICADO,OFICIAL,RURAL,ABIERTA,MONOLINGUE,DOBLE,FIN DE SEMANA,CHIQUIMULA
20-02-2172-46,20-002,CHIQUIMULA,SAN JOSE LA ARADA,COLEGIO PRIVADO MIXTO JOSEFINO,BARRIO NUEVO SAN JOSE LA ARADA,79437285,JUAN ABEL MORAN SOSA,,DIVERSIFICADO,PRIVADO,URBANA,CERRADA TEMPORALMENTE,MONOLINGUE,MATUTINA,DIARIO(REGULAR),CHIQUIMULA
20-03-0001-46,20-003,CHIQUIMULA,SAN JUAN ERMITA,INSTITUTO DIVERSIFICADO MUNICIPAL DE SAN JUAN ERMITA,BARRIO SAN PEDRITO,51989697,BLANCA ROSA MORALES DE GUTIERREZ,HENRY ARTURO JORD�N GUERRA,DIVERSIFICADO,MUNICIPAL,URBANA,ABIERTA,MONOLINGUE,VESPERTINA,DIARIO(REGULAR),CHIQUIMULA
20-03-0035-46,20-030,CHIQUIMULA,SAN JUAN ERMITA,CENTRO DE EDUCACI�N EXTRAESCOLAR -CEEX- FUNCAFE,ALDEA CHISP�N JARAL,33874323,VILMA ESPERANZA LOPEZ INTERIANO,EDRAS JEREM�AS GUERRA ALONZO,DIVERSIFICADO,OFICIAL,RURAL,ABIERTA,MONOLINGUE,DOBLE,FIN DE SEMANA,CHIQUIMULA
20-04-0001-46,20-043,CHIQUIMULA,JOCOTAN,COLEGIO PRIVADO MIXTO POR MADUREZ VISION 2008,BARRIO SAN SEBASTIAN,30147664,LUIS GUSTAVO SAGASTUME CONTRERAS,---,DIVERSIFICADO,PRIVADO,URBANA,ABIERTA,MONOLINGUE,DOBLE,FIN DE SEMANA,CHIQUIMULA
20-04-0065-46,20-004,CHIQUIMULA,JOCOTAN,COLEGIO CENTRO CULTURAL CAMPO REAL,BARRIO SAN LORENZO,79465751,SERGIO ESTUARDO MEDINA GUDIEL,GLORIA ESTELA GUERRA GUTIERREZ DE LEMUS,DIVERSIFICADO,PRIVADO,URBANA,ABIERTA,MONOLINGUE,VESPERTINA,DIARIO(REGULAR),CHIQUIMULA
20-04-0069-46,20-004,CHIQUIMULA,JOCOTAN,COLEGIO CENTRO CULTURAL CAMPO REAL,BARRIO SAN LORENZO,76465604,SERGIO ESTUARDO MEDINA GUDIEL,---,DIVERSIFICADO,PRIVADO,URBANA,CERRADA TEMPORALMENTE,MONOLINGUE,DOBLE,FIN DE SEMANA,CHIQUIMULA
20-04-0073-46,20-004,CHIQUIMULA,JOCOTAN,INSTITUTO NACIONAL DE EDUCACION DIVERSIFICADA,BARRIO SAN SEBASTIAN,,SERGIO ESTUARDO MEDINA GUDIEL,---,DIVERSIFICADO,OFICIAL,URBANA,CERRADA TEMPORALMENTE,MONOLINGUE,VESPERTINA,DIARIO(REGULAR),CHIQUIMULA
20-04-0097-46,20-004,CHIQUIMULA,JOCOTAN,INSTITUTO TECNOL�GICO OFICIAL DE LA MANCOMUNIDAD CH�ORTI�,BARRIO SAN LORENZO,79465395,SERGIO ESTUARDO MEDINA GUDIEL,VILMA MARICELA MARCOS GARC�A,DIVERSIFICADO,OFICIAL,URBANA,ABIERTA,MONOLINGUE,MATUTINA,DIARIO(REGULAR),CHIQUIMULA
20-04-0100-46,20-004,CHIQUIMULA,JOCOTAN,COLEGIO MIXTO DIVERSIFICADO,"CASER�O PINALITO, ALDEA SUCHIQUER",,SERGIO ESTUARDO MEDINA GUDIEL,BYRON ADOLFO MENDEZ GARCIA,DIVERSIFICADO,PRIVADO,RURAL,CERRADA TEMPORALMENTE,MONOLINGUE,VESPERTINA,DIARIO(REGULAR),CHIQUIMULA
20-04-0104-46,20-043,CHIQUIMULA,JOCOTAN,COLEGIO PRIVADO MIXTO POR MADUREZ VISION 2008,BARRIO SAN SEBASTIAN,79465220,LUIS GUSTAVO SAGASTUME CONTRERAS,JORGE ALBERTO MONROY,DIVERSIFICADO,PRIVADO,URBANA,ABIERTA,MONOLINGUE,DOBLE,FIN DE SEMANA,CHIQUIMULA
20-04-0105-46,20-043,CHIQUIMULA,JOCOTAN,COLEGIO PRIVADO MIXTO POR MADUREZ VISION 2008,BARRIO SAN SEBASTIAN,79462520,LUIS GUSTAVO SAGASTUME CONTRERAS,MARIA DALILA AGUSTIN GARCIA,DIVERSIFICADO,PRIVADO,URBANA,ABIERTA,MONOLINGUE,MATUTINA,DIARIO(REGULAR),CHIQUIMULA
20-04-0110-46,20-004,CHIQUIMULA,JOCOTAN,CENTRO EDUCATIVO JOCOTECO BILING�E,BARRIO EL CEMENTERIO,47894195,SERGIO ESTUARDO MEDINA GUDIEL,SINDY ZULEMA PEL�EZ,DIVERSIFICADO,PRIVADO,URBANA,ABIERTA,MONOLINGUE,VESPERTINA,DIARIO(REGULAR),CHIQUIMULA
20-04-0131-46,20-004,CHIQUIMULA,JOCOTAN,COLEGIO CENTRO CULTURAL CAMPO REAL,BARRIO SAN LORENZO,79465751,SERGIO ESTUARDO MEDINA GUDIEL,GLORIA ESTELA GUERRA GUTI�RREZ DE LEMUS,DIVERSIFICADO,PRIVADO,URBANA,ABIERTA,MONOLINGUE,DOBLE,DIARIO(REGULAR),CHIQUIMULA
20-04-0132-46,20-042,CHIQUIMULA,JOCOTAN,INSTITUTO PRIVADO MIXTO DE EDUCACI�N B�SICA CON ORIENTACI�N OCUPACIONAL FE Y ALEGR�A NO. 10 SANTA MAR�A,BARRIO SAN SEBASTI�N,79465237,JUAN DE DIOS MONROY RAMIREZ,VIVECA ELEONORA MONROY ALVAREZ DE CARRERA,DIVERSIFICADO,PRIVADO,URBANA,ABIERTA,MONOLINGUE,VESPERTINA,DIARIO(REGULAR),CHIQUIMULA
20-04-0134-46,20-004,CHIQUIMULA,JOCOTAN,COLEGIO CENTRO CULTURAL CAMPO REAL,BARRIO SAN LORENZO,79465751,SERGIO ESTUARDO MEDINA GUDIEL,GLORIA ESTELA GUERRA GUTI�RREZ DE LEMUS,DIVERSIFICADO,PRIVADO,URBANA,ABIERTA,MONOLINGUE,DOBLE,FIN DE SEMANA,CHIQUIMULA
20-04-0135-46,20-004,CHIQUIMULA,JOCOTAN,COLEGIO CENTRO CULTURAL CAMPO REAL,BARRIO SAN LORENZO,79465751,SERGIO ESTUARDO MEDINA GUDIEL,GLORIA ESTELA GUERRA GUTI�RREZ DE LEMUS,DIVERSIFICADO,PRIVADO,URBANA,ABIERTA,MONOLINGUE,DOBLE,FIN DE SEMANA,CHIQUIMULA
20-04-0136-46,20-004,CHIQUIMULA,JOCOTAN,COLEGIO PRIVADO EL OLAM,BARRIO EL CEMENTERIO,79465453,SERGIO ESTUARDO MEDINA GUDIEL,LINDAYK GICELENA CASTELL�N NUFIO,DIVERSIFICADO,PRIVADO,URBANA,ABIERTA,MONOLINGUE,VESPERTINA,DIARIO(REGULAR),CHIQUIMULA
20-04-0137-46,20-030,CHIQUIMULA,JOCOTAN,CENTRO DE EDUCACI�N EXTRAESCOLAR -CEEX- FUNCAFE,"CASER�O TIERRA BLANCA, ALDEA LOS VADOS",33874323,VILMA ESPERANZA LOPEZ INTERIANO,NOHEM� ELIZABETH GARC�A GUZM�N,DIVERSIFICADO,OFICIAL,RURAL,ABIERTA,MONOLINGUE,DOBLE,FIN DE SEMANA,CHIQUIMULA
20-04-0138-46,20-004,CHIQUIMULA,JOCOTAN,"COLEGIO PRIVADO INTERACTIVO ""KEDUSH�H""",BARRIO EL CEMENTERIO,79334442,SERGIO ESTUARDO MEDINA GUDIEL,NOHEM� ELIZABETH GARC�A GUZM�N,DIVERSIFICADO,PRIVADO,URBANA,ABIERTA,MONOLINGUE,DOBLE,FIN DE SEMANA,CHIQUIMULA
20-04-0197-46,20-043,CHIQUIMULA,JOCOTAN,LICEO VICENTE CARRANZA LEMUS,BARRIO SAN SEBASTI�N BOULEVARD AL MAESTRO,79465387,LUIS GUSTAVO SAGASTUME CONTRERAS,,DIVERSIFICADO,PRIVADO,URBANA,ABIERTA,MONOLINGUE,VESPERTINA,DIARIO(REGULAR),CHIQUIMULA
20-04-0210-46,20-030,CHIQUIMULA,JOCOTAN,"CENTRO DE EDUCACI�N EXTRAESCOLAR, MUNICIPAL, -CEEX-",ALDEA MATAZANO,33360297,VILMA ESPERANZA LOPEZ INTERIANO,LUZ AMANDA RAM�REZ RAM�REZ,DIVERSIFICADO,OFICIAL,RURAL,ABIERTA,MONOLINGUE,DOBLE,SEMIPRESENCIAL,CHIQUIMULA
20-04-0211-46,20-030,CHIQUIMULA,JOCOTAN,"CENTRO DE EDUCACI�N EXTRAESCOLAR, MUNICIPAL -CEEX-",ALDEA GUARERUCHE,47828101,VILMA ESPERANZA LOPEZ INTERIANO,MAR�A VICTORIA GER�NIMO ESCALANTE DE M�NDEZ,DIVERSIFICADO,OFICIAL,RURAL,ABIERTA,MONOLINGUE,DOBLE,SEMIPRESENCIAL,CHIQUIMULA
20-04-0212-46,20-030,CHIQUIMULA,JOCOTAN,"CENTRO DE EDUCACI�N EXTRAESCOLAR, MUNICIPAL -CEEX-",ALDEA TONTOLES,38542069,VILMA ESPERANZA LOPEZ INTERIANO,ANGELICA LUCIA M�NDEZ ESQUIVEL,DIVERSIFICADO,OFICIAL,RURAL,ABIERTA,MONOLINGUE,DOBLE,SEMIPRESENCIAL,CHIQUIMULA
20-04-0213-46,20-030,CHIQUIMULA,JOCOTAN,"CENTRO DE EDUCACI�N EXTRAESCOLAR, MUNICIPAL, -CEEX-","CASER�O MAGUEYAL, ALDEA PACR�N",45421031,VILMA ESPERANZA LOPEZ INTERIANO,WENDY D�AZ P�REZ,DIVERSIFICADO,OFICIAL,RURAL,ABIERTA,MONOLINGUE,DOBLE,SEMIPRESENCIAL,CHIQUIMULA
20-04-0566-46,20-004,CHIQUIMULA,JOCOTAN,INSTITUTO DIVERSIFICADO POR COOPERATIVA DE CIENCIAS COMERCIALES CON ORIENT. EN COMPUTACION,BARRIO SAN LORENZO,,SERGIO ESTUARDO MEDINA GUDIEL,,DIVERSIFICADO,COOPERATIVA,URBANA,CERRADA TEMPORALMENTE,MONOLINGUE,VESPERTINA,DIARIO(REGULAR),CHIQUIMULA
20-04-2036-46,20-042,CHIQUIMULA,JOCOTAN,"INSTITUTO T�CNICO EN RECURSOS NATURALES MAYA CH'ORTI' ""INTERNMACH""",CASER�O TIERRA BLANCA ALDEA LOS VADOS,54592670,JUAN DE DIOS MONROY RAMIREZ,ALBA MELINA HERN�NDEZ IXCOY,DIVERSIFICADO,PRIVADO,RURAL,ABIERTA,MONOLINGUE,DOBLE,DIARIO(REGULAR),CHIQUIMULA
20-04-2267-46,20-043,CHIQUIMULA,JOCOTAN,"ESCUELA NORMAL RURAL NO. 3 ""RAFAEL IRIARTE""",BARRIO SAN LORENZO,79465228,LUIS GUSTAVO SAGASTUME CONTRERAS,FIDELINO HUALES S�CHITE,DIVERSIFICADO,OFICIAL,URBANA,ABIERTA,BILINGUE,VESPERTINA,DIARIO(REGULAR),CHIQUIMULA
20-05-0087-46,20-021,CHIQUIMULA,CAMOTAN,INSTITUTO NACIONAL DE EDUCACION DIVERSIFICADA,ALDEA MUYURCO,,ROSARIO RIVAS VILLAFUERTE,---,DIVERSIFICADO,OFICIAL,URBANA,ABIERTA,MONOLINGUE,MATUTINA,DIARIO(REGULAR),CHIQUIMULA
20-05-0088-46,20-017,CHIQUIMULA,CAMOTAN,INSTITUTO NACIONAL DE EDUCACION DIVERSIFICADA,BARRIO EL CEMENTERIO,,ROSARIO RIVAS VILLAFUERTE,---,DIVERSIFICADO,OFICIAL,URBANA,ABIERTA,MONOLINGUE,VESPERTINA,DIARIO(REGULAR),CHIQUIMULA
20-05-0089-46,20-017,CHIQUIMULA,CAMOTAN,INSTITUTO NACIONAL DE EDUCACION DIVERSIFICADA,"CASERIO TIZAMARTE, ALDEA EL TESORO",,ROSARIO RIVAS VILLAFUERTE,---,DIVERSIFICADO,OFICIAL,RURAL,CERRADA TEMPORALMENTE,MONOLINGUE,MATUTINA,DIARIO(REGULAR),CHIQUIMULA
20-05-0466-46,20-017,CHIQUIMULA,CAMOTAN,INST. PRIV. MIXTO DE EDUC. DIVERSIFICADA ESCUELA DE CIENCIAS COMERCIALES,--,,ROSARIO RIVAS VILLAFUERTE,,DIVERSIFICADO,PRIVADO,URBANA,CERRADA TEMPORALMENTE,MONOLINGUE,VESPERTINA,DIARIO(REGULAR),CHIQUIMULA
20-05-1847-46,20-017,CHIQUIMULA,CAMOTAN,ESCUELA NORMAL BILING�E INTERCULTURAL/TURER AJ KANSEYAJ CH'ORTI',BARRIO EL CEMENTERIO,79465170,ROSARIO RIVAS VILLAFUERTE,JULIAN RAM�REZ DE ROSA,DIVERSIFICADO,OFICIAL,URBANA,ABIERTA,BILINGUE,MATUTINA,DIARIO(REGULAR),CHIQUIMULA
20-05-1863-46,20-034,CHIQUIMULA,CAMOTAN,INSTITUTO POR COOPERATIVA DE ENSE�ANZA DIVERSIFICADA,ALDEA CAPARJA,33448425,BYRON HORACIO SARCE�O ZEPEDA,ROBERTO ANTONIO HERN�NDEZ,DIVERSIFICADO,COOPERATIVA,RURAL,ABIERTA,MONOLINGUE,VESPERTINA,DIARIO(REGULAR),CHIQUIMULA
20-06-0041-46,20-008,CHIQUIMULA,OLOPA,INSTITUTO TECNOLOGICO CH�ORTI� ITECH,1A. CALLE 2-02 ZONA 2 INTERIOR DEL MERCADO MUNICIPAL,53534678,SERGIO ARTURO PACHECO MARROQUIN,RINA VICTORIA MARTINEZ ROMERO,DIVERSIFICADO,PRIVADO,URBANA,ABIERTA,MONOLINGUE,DOBLE,DIARIO(REGULAR),CHIQUIMULA
20-06-0042-46,20-030,CHIQUIMULA,OLOPA,CENTRO DE EDUCACI�N EXTRAESCOLAR -CEEX- FUNCAFE,ALDEA TITUQUE,47517698,VILMA ESPERANZA LOPEZ INTERIANO,ANGELA ROC�O D�AZ URRUTIA,DIVERSIFICADO,OFICIAL,RURAL,ABIERTA,MONOLINGUE,DOBLE,FIN DE SEMANA,CHIQUIMULA
20-06-1787-46,20-034,CHIQUIMULA,OLOPA,INSTITUTO DIVERSIFICADO POR COOPERATIVA DE ENSE�ANZA LIC. MARIO ROLANDO TORRES MARROQUIN,OLOPA,,BYRON HORACIO SARCE�O ZEPEDA,,DIVERSIFICADO,COOPERATIVA,URBANA,ABIERTA,MONOLINGUE,VESPERTINA,DIARIO(REGULAR),CHIQUIMULA
20-07-0002-46,20-035,CHIQUIMULA,ESQUIPULAS,"INSTITUTO TECNICO INDUSTRIAL ""HENRY FORD""","5A CALLE ""A"" 6-74 ZONA 1",79433773,OSWALDO RAFAEL SALINAS BRENES,HUGO MANUEL RAM�REZ,DIVERSIFICADO,PRIVADO,URBANA,ABIERTA,MONOLINGUE,DOBLE,DIARIO(REGULAR),CHIQUIMULA
20-07-0003-46,20-035,CHIQUIMULA,ESQUIPULAS,"INSTITUTO TECNICO INDUSTRIAL ""HENRY FORD""","5A CALLE ""A"" 6-74 ZONA 1",79433773,OSWALDO RAFAEL SALINAS BRENES,HUGO MANUEL RAM�REZ,DIVERSIFICADO,PRIVADO,URBANA,ABIERTA,MONOLINGUE,DOBLE,FIN DE SEMANA,CHIQUIMULA
20-07-0004-46,20-035,CHIQUIMULA,ESQUIPULAS,"INSTITUTO TECNICO INDUSTRIAL ""HENRY FORD""","5A CALLE ""A"" 6-74 ZONA 1",79433773,OSWALDO RAFAEL SALINAS BRENES,HUGO MANUEL RAM�REZ,DIVERSIFICADO,PRIVADO,URBANA,ABIERTA,MONOLINGUE,VESPERTINA,DIARIO(REGULAR),CHIQUIMULA
20-07-0050-46,20-035,CHIQUIMULA,ESQUIPULAS,INSTITUTO NACIONAL DE EDUCACION DIVERSIFICADA,6A. AVENIDA Y 3A. CALLE FINAL ZONA 1,33406062,OSWALDO RAFAEL SALINAS BRENES,LESBIA CONSUELO L�PEZ,DIVERSIFICADO,OFICIAL,URBANA,ABIERTA,MONOLINGUE,VESPERTINA,DIARIO(REGULAR),CHIQUIMULA
20-07-0061-46,20-035,CHIQUIMULA,ESQUIPULAS,INSTITUTO MUNICIPAL DE EDUCACION DIVERSIFICADA DE ESQUIPULAS,2DA. AVENIDA 0-20 ZONA 1,42787205,OSWALDO RAFAEL SALINAS BRENES,LESVIA DINORA S�NCHEZ DE VIDAL,DIVERSIFICADO,MUNICIPAL,URBANA,ABIERTA,MONOLINGUE,VESPERTINA,DIARIO(REGULAR),CHIQUIMULA
20-07-0079-46,20-014,CHIQUIMULA,ESQUIPULAS,COLEGIO MUNICIPAL DE EDUCACION DIVERSIFICADA,ALDEA CHANMAGUA,53046838,ELDER RENE FERNANDEZ FLORES,VERONICA JUDITH CABRERA NOVEGIL,DIVERSIFICADO,MUNICIPAL,RURAL,CERRADA TEMPORALMENTE,MONOLINGUE,VESPERTINA,DIARIO(REGULAR),CHIQUIMULA
20-07-0083-46,20-034,CHIQUIMULA,ESQUIPULAS,INSTITUTO DE EDUCACION DIVERSIFICADA POR COOPERATIVA DE ENSE�ANZA,"SECTOR COOPERATIVA PB ESCUELA RURAL, ZONA 0 ALDEA CHANMAGUA",53046838,BYRON HORACIO SARCE�O ZEPEDA,VER�NICA JUDITH CABRERA NOVEGIL,DIVERSIFICADO,COOPERATIVA,RURAL,ABIERTA,MONOLINGUE,VESPERTINA,DIARIO(REGULAR),CHIQUIMULA
20-07-0088-46,20-014,CHIQUIMULA,ESQUIPULAS,LICEO DE FORMACION INTEGRAL,8A. CALLE 1-15 ZONA 1 COLONIA QUIRIO CATA�O II,79433902,ELDER RENE FERNANDEZ FLORES,V�CTOR ALEXANDER GALVEZ MEDA,DIVERSIFICADO,PRIVADO,URBANA,ABIERTA,MONOLINGUE,DOBLE,FIN DE SEMANA,CHIQUIMULA
20-07-0103-46,20-015,CHIQUIMULA,ESQUIPULAS,COLEGIO CRISTIANO SHALOM,"5TA. AVENIDA ""A"" 4-60 ZONA 1",79433008,ANGEL FRANCISCO ESPINA MONROY,MYNOR REN� MART�NEZ GARC�A,DIVERSIFICADO,PRIVADO,URBANA,CERRADA TEMPORALMENTE,MONOLINGUE,VESPERTINA,DIARIO(REGULAR),CHIQUIMULA
20-07-0106-46,20-014,CHIQUIMULA,ESQUIPULAS,LICEO DE FORMACION INTEGRAL,8A. CALLE 1-15 ZONA 1 COLONIA QUIRIO CATA�O II,79433902,ELDER RENE FERNANDEZ FLORES,V�CTOR ALEXANDER GALVEZ MEDA,DIVERSIFICADO,PRIVADO,URBANA,ABIERTA,MONOLINGUE,VESPERTINA,DIARIO(REGULAR),CHIQUIMULA
20-07-0111-46,20-015,CHIQUIMULA,ESQUIPULAS,"COLEGIO DE EDUCACI�N PARA ADULTOS ""SEMILLA DE VIDA""",3A. CALLE 2-13 ZONA 2 BARRIO NUEVO,59748507,ANGEL FRANCISCO ESPINA MONROY,EDY NO� VIDES MEJ�A,DIVERSIFICADO,PRIVADO,URBANA,ABIERTA,MONOLINGUE,DOBLE,FIN DE SEMANA,CHIQUIMULA
20-07-0114-46,20-015,CHIQUIMULA,ESQUIPULAS,"COLEGIO DE EDUCACION PARA ADULTOS ""SEMILLA DE VIDA""",3A. CALLE 2-13 ZONA 2 BARRIO NUEVO,59748507,ANGEL FRANCISCO ESPINA MONROY,EDY NO� VIDES MEJ�A,DIVERSIFICADO,PRIVADO,URBANA,ABIERTA,MONOLINGUE,DOBLE,FIN DE SEMANA,CHIQUIMULA
20-07-0116-46,20-015,CHIQUIMULA,ESQUIPULAS,LICEO DE FORMACI�N INTEGRAL,8VA. CALLE 1-15 ZONA 1 COLONIA QUIRIO CATA�O II,79433902,ANGEL FRANCISCO ESPINA MONROY,V�CTOR ALEXANDER GALVEZ MEDA,DIVERSIFICADO,PRIVADO,URBANA,ABIERTA,MONOLINGUE,DOBLE,FIN DE SEMANA,CHIQUIMULA
20-07-0119-46,20-035,CHIQUIMULA,ESQUIPULAS,INSTITUTO T�CNICO INDUSTRIAL HENRY FORD,"5TA. CALLE ""A"" 6-74 ZONA 1",79433773,OSWALDO RAFAEL SALINAS BRENES,JOS� LEOPOLDO PALAO LINARES,DIVERSIFICADO,PRIVADO,URBANA,ABIERTA,MONOLINGUE,DOBLE,FIN DE SEMANA,CHIQUIMULA
20-07-0122-46,20-014,CHIQUIMULA,ESQUIPULAS,"COLEGIO PRIVADO MIXTO ""MONTESSORI""","6TA. AVENIDA 6-99 ZONA 1, BARRIO SAN JOAQUIN",79431270,ELDER RENE FERNANDEZ FLORES,MILAGRO DE JES�S ACEVEDO DE RECINOS,DIVERSIFICADO,PRIVADO,URBANA,ABIERTA,MONOLINGUE,DOBLE,DIARIO(REGULAR),CHIQUIMULA
20-07-0127-46,20-015,CHIQUIMULA,ESQUIPULAS,"COLEGIO DE EDUCACION PARA ADULTOS ""SEMILLA DE VIDA""",3A. CALLE 2-13 ZONA 2,32155033,ANGEL FRANCISCO ESPINA MONROY,EDY NO� VIDES MEJ�A,DIVERSIFICADO,PRIVADO,URBANA,ABIERTA,MONOLINGUE,VESPERTINA,DIARIO(REGULAR),CHIQUIMULA
20-07-0132-46,20-035,CHIQUIMULA,ESQUIPULAS,LICEO ESQUIPULTECO BILING�E,3A. AVENIDA 4-31 ZONA 1,41897428,OSWALDO RAFAEL SALINAS BRENES,ANA MAR�A P�REZ DE AQUINO,DIVERSIFICADO,PRIVADO,URBANA,ABIERTA,MONOLINGUE,VESPERTINA,DIARIO(REGULAR),CHIQUIMULA
20-07-0135-46,20-035,CHIQUIMULA,ESQUIPULAS,COLEGIO PRIVADO MIXTO BENDICI�N,6A. AVENIDA 6-99 ZONA 1 BARRIO SAN JOAQU�N,42194761,OSWALDO RAFAEL SALINAS BRENES,OSCAR ESCOBAR ESPINO,DIVERSIFICADO,PRIVADO,URBANA,ABIERTA,MONOLINGUE,DOBLE,FIN DE SEMANA,CHIQUIMULA
20-07-0141-46,20-015,CHIQUIMULA,ESQUIPULAS,INSTITUTO REN� ALMENGOR INBECC,"6A. AVENIDA 0-11 ZONA 1, BARRIO SANTIAGUITO",79432727,ANGEL FRANCISCO ESPINA MONROY,SANTOS INOCENTE RAMOS DE LE�N,DIVERSIFICADO,PRIVADO,URBANA,ABIERTA,MONOLINGUE,INTERMEDIA,DIARIO(REGULAR),CHIQUIMULA
20-07-0142-46,20-015,CHIQUIMULA,ESQUIPULAS,INSTITUTO REN� ALMENGOR INBECC,"6A. AVENIDA 0-11 ZONA 1, BARRIO SANTIAGUITO",79432727,ANGEL FRANCISCO ESPINA MONROY,SANTOS INOCENTE RAMOS DE LE�N,DIVERSIFICADO,PRIVADO,URBANA,ABIERTA,MONOLINGUE,VESPERTINA,DIARIO(REGULAR),CHIQUIMULA
20-07-0143-46,20-030,CHIQUIMULA,ESQUIPULAS,CENTRO DE EDUCACI�N EXTRAESCOLAR -CEEX- FUNCAFE,10 CALLE 6-27 BARRIO SAN SEBASTI�N,42214710,VILMA ESPERANZA LOPEZ INTERIANO,EVA MARISELA RAM�REZ CRUZ,DIVERSIFICADO,OFICIAL,URBANA,ABIERTA,MONOLINGUE,DOBLE,FIN DE SEMANA,CHIQUIMULA
20-07-0332-46,20-015,CHIQUIMULA,ESQUIPULAS,ESCUELA DE EDUCACI�N DIVERSIFICADA EDIVER,6A. AV. 6-99 ZONA 1,41491485,ANGEL FRANCISCO ESPINA MONROY,,DIVERSIFICADO,PRIVADO,URBANA,ABIERTA,MONOLINGUE,VESPERTINA,DIARIO(REGULAR),CHIQUIMULA
20-07-0333-46,20-015,CHIQUIMULA,ESQUIPULAS,LICEO ESQUIPULTECO,3A AV 4-31 ZONA 1,79432042,ANGEL FRANCISCO ESPINA MONROY,,DIVERSIFICADO,PRIVADO,URBANA,ABIERTA,MONOLINGUE,VESPERTINA,DIARIO(REGULAR),CHIQUIMULA
20-07-0334-46,20-015,CHIQUIMULA,ESQUIPULAS,INSTITUTO PRIVADO MIXTO DE EDUCACION DIVERSIFICADA 'LICEO ESQUIPULTECO',3A AVE. 4-31 ZONA 1,,ANGEL FRANCISCO ESPINA MONROY,,DIVERSIFICADO,PRIVADO,URBANA,CERRADA TEMPORALMENTE,MONOLINGUE,NOCTURNA,DIARIO(REGULAR),CHIQUIMULA
20-07-0506-46,20-014,CHIQUIMULA,ESQUIPULAS,"COLEGIO PRIVADO MIXTO ""MONTESSORI""",6A. AVENIDA 6-99 ZONA 1,79431270,ELDER RENE FERNANDEZ FLORES,H�CTOR LEONEL SALGUERO MORALES,DIVERSIFICADO,PRIVADO,URBANA,ABIERTA,MONOLINGUE,VESPERTINA,DIARIO(REGULAR),CHIQUIMULA
20-07-1909-46,20-015,CHIQUIMULA,ESQUIPULAS,COLEGIO CATOLICO PRIVADO MIXTO 'SAN BENITO',13 CALLE 6-06 ZONA 1,79431391,ANGEL FRANCISCO ESPINA MONROY,MARIO RICARDO LEIVA D�AZ,DIVERSIFICADO,PRIVADO,URBANA,ABIERTA,MONOLINGUE,VESPERTINA,DIARIO(REGULAR),CHIQUIMULA
20-07-2066-46,20-015,CHIQUIMULA,ESQUIPULAS,COLEGIO CATOLICO PRIVADO MIXTO 'SAN BENITO',13 CALLE 6-06 ZONA 1,79431391,ANGEL FRANCISCO ESPINA MONROY,,DIVERSIFICADO,PRIVADO,URBANA,CERRADA TEMPORALMENTE,MONOLINGUE,DOBLE,DIARIO(REGULAR),CHIQUIMULA
20-07-2085-46,20-014,CHIQUIMULA,ESQUIPULAS,INSTITUTO MUNICIPAL DE EDUCACION DIVERSIFICADA,ALDEA CHANMAGUA,,ELDER RENE FERNANDEZ FLORES,,DIVERSIFICADO,MUNICIPAL,RURAL,CERRADA TEMPORALMENTE,MONOLINGUE,VESPERTINA,DIARIO(REGULAR),CHIQUIMULA
20-07-2098-46,20-014,CHIQUIMULA,ESQUIPULAS,COLEGIO PRIVADO MIXTO RENACIMIENTO,5A. AV. 2-25 ZONA 1,79432012,ELDER RENE FERNANDEZ FLORES,,DIVERSIFICADO,PRIVADO,URBANA,ABIERTA,MONOLINGUE,DOBLE,FIN DE SEMANA,CHIQUIMULA
20-07-2365-46,20-014,CHIQUIMULA,ESQUIPULAS,COLEGIO PRIVADO MIXTO RENACIMIENTO,"5A. AV, 2-25 ZONA 1 ESQUIPULAS",,ELDER RENE FERNANDEZ FLORES,,DIVERSIFICADO,PRIVADO,URBANA,ABIERTA,MONOLINGUE,VESPERTINA,DIARIO(REGULAR),CHIQUIMULA
20-07-2408-46,20-015,CHIQUIMULA,ESQUIPULAS,INSTITUTO BASICO ESQUIPULTECO Y CIENCIAS COMERCIALES (INBECC),5A. CALLE A 6-74 ZONA 1,79430127,ANGEL FRANCISCO ESPINA MONROY,,DIVERSIFICADO,PRIVADO,URBANA,TEMPORAL TITULOS,MONOLINGUE,NOCTURNA,DIARIO(REGULAR),CHIQUIMULA
20-08-0004-46,20-040,CHIQUIMULA,CONCEPCION LAS MINAS,"COLEGIO CRISTIANO ""CRISTO VIENE YA""",COLONIA BETHEL ALDEA LA ERMITA,79437534,JORGE ALBERTO SAAVEDRA LOPEZ,EVER AROLDO CORTEZ GUERRA,DIVERSIFICADO,PRIVADO,URBANA,ABIERTA,MONOLINGUE,VESPERTINA,DIARIO(REGULAR),CHIQUIMULA
20-08-0006-46,20-040,CHIQUIMULA,CONCEPCION LAS MINAS,INSTITUTO NACIONAL DE EDUCACION DIVERSIFICADA,COLONIA NUEVA,30194721,JORGE ALBERTO SAAVEDRA LOPEZ,ULISES RIVERA ACEVEDO,DIVERSIFICADO,OFICIAL,URBANA,ABIERTA,MONOLINGUE,MATUTINA,DIARIO(REGULAR),CHIQUIMULA
20-08-0018-46,20-040,CHIQUIMULA,CONCEPCION LAS MINAS,COLEGIO MUNICIPAL DE EDUCACION DIVERSIFICADA,COLONIA NUEVA,79435110,JORGE ALBERTO SAAVEDRA LOPEZ,SANDRA ERUDINA ESPINO CASTILLO,DIVERSIFICADO,MUNICIPAL,URBANA,ABIERTA,MONOLINGUE,VESPERTINA,DIARIO(REGULAR),CHIQUIMULA
20-08-0019-46,20-040,CHIQUIMULA,CONCEPCION LAS MINAS,COLEGIO MUNICIPAL DE EDUCACI�N DIVERSIFICADA,COLONIA NUEVA,79435110,JORGE ALBERTO SAAVEDRA LOPEZ,SANDRA ERUDINA ESPINO CASTILLO,DIVERSIFICADO,MUNICIPAL,URBANA,ABIERTA,MONOLINGUE,DOBLE,DIARIO(REGULAR),CHIQUIMULA
20-08-0020-46,20-040,CHIQUIMULA,CONCEPCION LAS MINAS,INSTITUTO NACIONAL DE EDUCACI�N DIVERSIFICADA,COLONIA NUEVA,30194721,JORGE ALBERTO SAAVEDRA LOPEZ,ULISES RIVERA ACEVEDO,DIVERSIFICADO,OFICIAL,URBANA,ABIERTA,MONOLINGUE,DOBLE,DIARIO(REGULAR),CHIQUIMULA
20-08-0022-46,20-040,CHIQUIMULA,CONCEPCION LAS MINAS,COLEGIO CRISTIANO CRISTO VIENE YA,COLONIA BETHEL ALDEA LA ERMITA,79437534,JORGE ALBERTO SAAVEDRA LOPEZ,EVER AROLDO CORTEZ GUERRA,DIVERSIFICADO,PRIVADO,RURAL,ABIERTA,MONOLINGUE,DOBLE,FIN DE SEMANA,CHIQUIMULA
20-08-1595-46,20-040,CHIQUIMULA,CONCEPCION LAS MINAS,LICEO TECNICO CONCEPCION,,,JORGE ALBERTO SAAVEDRA LOPEZ,,DIVERSIFICADO,PRIVADO,URBANA,CERRADA TEMPORALMENTE,MONOLINGUE,VESPERTINA,DIARIO(REGULAR),CHIQUIMULA
20-09-0031-46,20-038,CHIQUIMULA,QUEZALTEPEQUE,INSTITUTO PARA MAESTRAS DE EDUCACION PREPRIMARIA INTERCULTURAL,BARRIO EL CALVARIO DE LA VILLA,59821901,ANGELA DEL ROSARIO GARCIA MARCOS,VICTORIA ABIGAIL RUIZ DIAZ,DIVERSIFICADO,PRIVADO,URBANA,CERRADA TEMPORALMENTE,MONOLINGUE,VESPERTINA,DIARIO(REGULAR),CHIQUIMULA
20-09-0037-46,20-037,CHIQUIMULA,QUEZALTEPEQUE,COMPLEJO EDUCATIVO INTERCULTURAL,COLONIA SANTA FILOMENA ZONA 2,79440254,CESAR HELAMAN GARCIA LOPEZ,MARIA ESTHER MARCOS LOPEZ,DIVERSIFICADO,PRIVADO,URBANA,ABIERTA,MONOLINGUE,MATUTINA,DIARIO(REGULAR),CHIQUIMULA
20-09-0039-46,20-038,CHIQUIMULA,QUEZALTEPEQUE,INSTITUTO PARA MAESTRAS DE EDUCACION PREPRIMARIA INTERCULTURAL,9. CALLEJON 1-72 ZONA 1,41516678,ANGELA DEL ROSARIO GARCIA MARCOS,VICTORIA ABIGAIL RUIZ DIAZ,DIVERSIFICADO,PRIVADO,URBANA,CERRADA TEMPORALMENTE,MONOLINGUE,MATUTINA,DIARIO(REGULAR),CHIQUIMULA
20-09-0041-46,20-038,CHIQUIMULA,QUEZALTEPEQUE,LICEO TECNICO QUEZALTEPEQUE,9NO. CALLEJON 1-72 ZONA 1,55101858,ANGELA DEL ROSARIO GARCIA MARCOS,ELOINA MARGOTH SANDOVAL VILLAFUERTE,DIVERSIFICADO,PRIVADO,URBANA,ABIERTA,MONOLINGUE,DOBLE,FIN DE SEMANA,CHIQUIMULA
20-09-0043-46,20-037,CHIQUIMULA,QUEZALTEPEQUE,COMPLEJO EDUCATIVO INTERCULTURAL,COLONIA SANTA FILOMENA ZONA 2,79440254,CESAR HELAMAN GARCIA LOPEZ,MARIA ESTHER MARCOS LOPEZ,DIVERSIFICADO,PRIVADO,URBANA,ABIERTA,MONOLINGUE,VESPERTINA,DIARIO(REGULAR),CHIQUIMULA
20-09-0044-46,20-038,CHIQUIMULA,QUEZALTEPEQUE,"COLEGIO CATOLICO PRIVADO MIXTO ""SAN FRANCISCO DE ASIS""",COLONIA SANTA FILOMENA,52075093,ANGELA DEL ROSARIO GARCIA MARCOS,JUAN LUIS MIGUEL AGOSTO,DIVERSIFICADO,PRIVADO,URBANA,ABIERTA,MONOLINGUE,VESPERTINA,DIARIO(REGULAR),CHIQUIMULA
20-09-0045-46,20-038,CHIQUIMULA,QUEZALTEPEQUE,LICEO TECNICO QUEZALTEPEQUE,9. CALLEJON 1-72 ZONA 1,55101858,ANGELA DEL ROSARIO GARCIA MARCOS,ELOINA MARGOTH SANDOVAL VILLAFUERTE,DIVERSIFICADO,PRIVADO,URBANA,ABIERTA,MONOLINGUE,MATUTINA,DIARIO(REGULAR),CHIQUIMULA
20-09-0056-46,20-037,CHIQUIMULA,QUEZALTEPEQUE,COMPLEJO EDUCATIVO INTERCULTURAL,COLONIA SANTA FILOMENA ZONA 2,79440254,CESAR HELAMAN GARCIA LOPEZ,MAR�A ESTHER MARCOS L�PEZ,DIVERSIFICADO,PRIVADO,URBANA,ABIERTA,MONOLINGUE,DOBLE,DIARIO(REGULAR),CHIQUIMULA
20-09-0058-46,20-038,CHIQUIMULA,QUEZALTEPEQUE,COLEGIO ADVENTISTA REDENCI�N,14 CALLEJON 3-11 ZONA 2 COLONIA VILLA LORENA,79440353,ANGELA DEL ROSARIO GARCIA MARCOS,BLANCA EDINA P�REZ FELIPE,DIVERSIFICADO,PRIVADO,URBANA,CERRADA TEMPORALMENTE,MONOLINGUE,VESPERTINA,DIARIO(REGULAR),CHIQUIMULA
20-09-0060-46,20-037,CHIQUIMULA,QUEZALTEPEQUE,INSTITUTO PRIVADO MIXTO NOCTURNO DE CIENCIAS COMERCIALES,COLONIA SANTA FILOMENA ZONA 2,79440254,CESAR HELAMAN GARCIA LOPEZ,REINALDO JO�L MARROQU�N TORRES,DIVERSIFICADO,PRIVADO,URBANA,ABIERTA,MONOLINGUE,DOBLE,FIN DE SEMANA,CHIQUIMULA
20-09-0063-46,20-038,CHIQUIMULA,QUEZALTEPEQUE,LICEO T�CNICO QUEZALTEPEQUE,9NO. CALLEJ�N 1-72 ZONA 1,55101858,ANGELA DEL ROSARIO GARCIA MARCOS,ELOINA MARGOTH SANDOVAL VILLAFUERTE DE CER�N,DIVERSIFICADO,PRIVADO,URBANA,ABIERTA,MONOLINGUE,DOBLE,FIN DE SEMANA,CHIQUIMULA
20-09-0064-46,20-038,CHIQUIMULA,QUEZALTEPEQUE,COLEGIO ADVENTISTA REDENCI�N,14 CALLEJ�N 3-11 ZONA 2 COLONIA VILLA LORENA,79440353,ANGELA DEL ROSARIO GARCIA MARCOS,BLANCA EDINA P�REZ FELIPE,DIVERSIFICADO,PRIVADO,URBANA,ABIERTA,MONOLINGUE,MATUTINA,DIARIO(REGULAR),CHIQUIMULA
20-09-0069-46,20-030,CHIQUIMULA,QUEZALTEPEQUE,CENTRO DE EDUCACI�N EXTRAESCOLAR -CEEX- FUNCAFE,1ERA. CALLE 4-59 ZONA 1,33086541,VILMA ESPERANZA LOPEZ INTERIANO,SINDY YAMAL� V�SQUEZ PASCUAL,DIVERSIFICADO,OFICIAL,URBANA,ABIERTA,MONOLINGUE,DOBLE,FIN DE SEMANA,CHIQUIMULA
20-09-0408-46,20-037,CHIQUIMULA,QUEZALTEPEQUE,INSTITUTO PRIVADO MIXTO NOCTURNO DE CIENCIAS COMERCIALES,COLONIA SANTA FILOMENA,79440254,CESAR HELAMAN GARCIA LOPEZ,,DIVERSIFICADO,PRIVADO,URBANA,ABIERTA,MONOLINGUE,NOCTURNA,DIARIO(REGULAR),CHIQUIMULA
20-09-1525-46,20-038,CHIQUIMULA,QUEZALTEPEQUE,LICEO TECNICO QUEZALTEPEQUE,9NO. CALLEJON 1-72 ZONA 1,55101858,ANGELA DEL ROSARIO GARCIA MARCOS,ELOINA MARGOTH SANDOVAL VILLAFUERTE,DIVERSIFICADO,PRIVADO,URBANA,ABIERTA,MONOLINGUE,VESPERTINA,DIARIO(REGULAR),CHIQUIMULA
20-09-1555-46,20-038,CHIQUIMULA,QUEZALTEPEQUE,LICEO TECNICO QUEZALTEPEQUE,9 CALLEJON 1-72 ZONA 1,55101858,ANGELA DEL ROSARIO GARCIA MARCOS,,DIVERSIFICADO,PRIVADO,URBANA,CERRADA TEMPORALMENTE,MONOLINGUE,INTERMEDIA,DIARIO(REGULAR),CHIQUIMULA
20-09-1616-46,20-037,CHIQUIMULA,QUEZALTEPEQUE,ESCUELA PRIVADA DE BACHILLERATO POR MADUREZ ADISQUE,2A. CALLE 2-36 ZONA 1,79440169,CESAR HELAMAN GARCIA LOPEZ,NERY ORLANDO G�LVEZ GARC�A,DIVERSIFICADO,PRIVADO,URBANA,ABIERTA,MONOLINGUE,DOBLE,FIN DE SEMANA,CHIQUIMULA
20-09-1793-46,20-037,CHIQUIMULA,QUEZALTEPEQUE,ESCUELA NORMAL DE EDUCACI�N F�SICA DOCTOR EN CIENCIAS POL�TICAS Y SOCIALES MARIO ROLANDO TORRES MARROQU�N,KILOMETRO 197 CARRETERA A ESQUIPULAS COLONIA LOS PINOS,79440416,CESAR HELAMAN GARCIA LOPEZ,LUIS EDUARDO FRANCISCO ELGUETA ANDRINO,DIVERSIFICADO,OFICIAL,URBANA,ABIERTA,MONOLINGUE,DOBLE,DIARIO(REGULAR),CHIQUIMULA
20-09-1794-46,20-037,CHIQUIMULA,QUEZALTEPEQUE,INSTITUTO DE BACHILLERATO EN COMPUTACION,3A. AV. 1-68 ZONA 1,51578198,CESAR HELAMAN GARCIA LOPEZ,,DIVERSIFICADO,OFICIAL,URBANA,ABIERTA,MONOLINGUE,VESPERTINA,DIARIO(REGULAR),CHIQUIMULA
20-09-2271-46,20-037,CHIQUIMULA,QUEZALTEPEQUE,INSTITUTO PRIVADO MIXTO NOCTURNO DE CIENCIAS COMERCIALES,VILLA DE QUEZALTEPEQUE,79440254,CESAR HELAMAN GARCIA LOPEZ,,DIVERSIFICADO,PRIVADO,URBANA,ABIERTA,MONOLINGUE,VESPERTINA,DIARIO(REGULAR),CHIQUIMULA
20-09-2362-46,20-037,CHIQUIMULA,QUEZALTEPEQUE,INSTITUTO PRIVADO MIXTO NOCTURNO DE CIENCIAS COMERCIALES,COLONIA SANTA FILOMENA ZONA 2 QUEZALTEPEQUE,79440254,CESAR HELAMAN GARCIA LOPEZ,REINALDO JOEL MARROQUIN TORRES,DIVERSIFICADO,PRIVADO,URBANA,ABIERTA,MONOLINGUE,DOBLE,FIN DE SEMANA,CHIQUIMULA
20-09-2363-46,20-038,CHIQUIMULA,QUEZALTEPEQUE,LICEO TECNICO QUEZALTEPEQUE,9 CALLEJON 1-72 ZONA 1,55101659,ANGELA DEL ROSARIO GARCIA MARCOS,JUAN LUIS MIGUEL AGOSTO,DIVERSIFICADO,PRIVADO,URBANA,CERRADA TEMPORALMENTE,MONOLINGUE,NOCTURNA,DIARIO(REGULAR),CHIQUIMULA
20-10-0013-46,20-011,CHIQUIMULA,SAN JACINTO,INSTITUTO NACIONAL DE EDUCACION DIVERSIFICADA,BARRIO EL CENTRO SAN JACINTO,,JOSE ROLANDO DIAZ HERNANDEZ,---,DIVERSIFICADO,OFICIAL,URBANA,ABIERTA,MONOLINGUE,VESPERTINA,DIARIO(REGULAR),CHIQUIMULA
20-10-0020-46,20-030,CHIQUIMULA,SAN JACINTO,CENTRO DE EDUCACI�N EXTRAESCOLAR -CEEX- FUNCAFE,ALDEA TIZUB�N,55372091,VILMA ESPERANZA LOPEZ INTERIANO,ZUCELY MARIL� VENTURA RAMOS,DIVERSIFICADO,OFICIAL,RURAL,ABIERTA,MONOLINGUE,DOBLE,FIN DE SEMANA,CHIQUIMULA
20-11-0001-46,20-018,CHIQUIMULA,IPALA,"INSTITUTO TECNICO INDUSTRIAL ""ALBERT EINSTEIN""",1A. DIAGONAL 2-44 ZONA 1,30440845,NILDA MARITZA ARROYO RODRIGUEZ,SINDY SIOMARA FOLGAR MART�NEZ,DIVERSIFICADO,PRIVADO,URBANA,ABIERTA,MONOLINGUE,DOBLE,DIARIO(REGULAR),CHIQUIMULA
20-11-0002-46,20-041,CHIQUIMULA,IPALA,"INSTITUTO TECNICO INDUSTRIAL ""ALBERT EINSTEIN""","2A. CALLE ""A"" 1-83 ZONA 3 BARRIO EL MAESTRO",,EDGAR ANIBAL MENENDEZ VELASQUEZ,---,DIVERSIFICADO,PRIVADO,URBANA,CERRADA TEMPORALMENTE,MONOLINGUE,VESPERTINA,DIARIO(REGULAR),CHIQUIMULA
20-11-0003-46,20-018,CHIQUIMULA,IPALA,"INSTITUTO TECNICO INDUSTRIAL ""ALBERT EINSTEIN""",1A. DIAGONAL 2-44 ZONA 1,30440845,NILDA MARITZA ARROYO RODRIGUEZ,SINDY SIOMARA FOLGAR MART�NEZ,DIVERSIFICADO,PRIVADO,URBANA,ABIERTA,MONOLINGUE,MATUTINA,DIARIO(REGULAR),CHIQUIMULA
20-11-0009-46,20-041,CHIQUIMULA,IPALA,COLEGIO PRIVADO DE BACHILLERATO POR MADUREZ EMMANUEL,RUTA NACIONAL 1-23 ZONA 1,46310501,EDGAR ANIBAL MENENDEZ VELASQUEZ,CELMA YOLANDA MORALES SALGUERO DE MONROY,DIVERSIFICADO,PRIVADO,URBANA,ABIERTA,MONOLINGUE,DOBLE,FIN DE SEMANA,CHIQUIMULA
20-11-0012-46,20-041,CHIQUIMULA,IPALA,INSTITUTO NACIONAL DE EDUCACION DIVERSIFICADA,ALDEA EL SUYATE,31049608,EDGAR ANIBAL MENENDEZ VELASQUEZ,---,DIVERSIFICADO,OFICIAL,RURAL,ABIERTA,MONOLINGUE,VESPERTINA,DIARIO(REGULAR),CHIQUIMULA
20-11-0029-46,20-041,CHIQUIMULA,IPALA,"COLEGIO PARTICULAR MIXTO ""PROYECCION""",1 AVENIDA 1-35 ZONA 5,79428303,EDGAR ANIBAL MENENDEZ VELASQUEZ,AURA GUILLERMINA P�REZ,DIVERSIFICADO,PRIVADO,URBANA,ABIERTA,MONOLINGUE,DOBLE,DIARIO(REGULAR),CHIQUIMULA
20-11-0030-46,20-039,CHIQUIMULA,IPALA,COLEGIO PARTICULAR MIXTO PROYECCI�N,1A. AVENIDA 1-35 ZONA 5,79428303,FRANCISCO JAVIER GUERRA PAZOS,AURA GUILLERMINA P�REZ DE G�LVAN,DIVERSIFICADO,PRIVADO,URBANA,ABIERTA,MONOLINGUE,MATUTINA,DIARIO(REGULAR),CHIQUIMULA
20-11-0041-46,20-041,CHIQUIMULA,IPALA,LICEO IPALTECO,1A. CALLE 2-78 ZONA 4,79428484,EDGAR ANIBAL MENENDEZ VELASQUEZ,LUCINDA DEL CARMEN BERGANZA,DIVERSIFICADO,PRIVADO,URBANA,ABIERTA,MONOLINGUE,MATUTINA,DIARIO(REGULAR),CHIQUIMULA
20-11-0042-46,20-018,CHIQUIMULA,IPALA,COLEGIO ADVENTISTA EL SINA�,1A. DIAGONAL 2-32 ZONA 1,40482888,NILDA MARITZA ARROYO RODRIGUEZ,BRENDA EDELMIRA SAGASTUME MARCOS,DIVERSIFICADO,PRIVADO,URBANA,ABIERTA,MONOLINGUE,MATUTINA,DIARIO(REGULAR),CHIQUIMULA
20-11-0044-46,20-041,CHIQUIMULA,IPALA,COLEGIO PARTICULAR MIXTO CAT�LICO NUESTRA SE�ORA DE LA ESPERANZA,1A. AVENIDA 3-99 ZONA 2 SECTOR BARRIO LA REFORMA,50484070,EDGAR ANIBAL MENENDEZ VELASQUEZ,SUSETTE DOLORES LAM P�REZ DE ARGUETA,DIVERSIFICADO,PRIVADO,URBANA,ABIERTA,MONOLINGUE,DOBLE,DIARIO(REGULAR),CHIQUIMULA
20-11-0049-46,20-041,CHIQUIMULA,IPALA,LICEO IPALTECO EN COMPUTACI�N,1A. CALLE 2-78 ZONA 4,79428484,EDGAR ANIBAL MENENDEZ VELASQUEZ,LUCINDA DEL CARMEN BERGANZA ACEVEDO,DIVERSIFICADO,PRIVADO,URBANA,ABIERTA,MONOLINGUE,MATUTINA,DIARIO(REGULAR),CHIQUIMULA
20-11-0050-46,20-041,CHIQUIMULA,IPALA,LICEO IPALTECO EN COMPUTACI�N,1A. CALLE 2-78 ZONA 4,79428484,EDGAR ANIBAL MENENDEZ VELASQUEZ,LUCINDA DEL CARMEN BERGANZA ACEVEDO,DIVERSIFICADO,PRIVADO,URBANA,ABIERTA,MONOLINGUE,VESPERTINA,DIARIO(REGULAR),CHIQUIMULA
20-11-0464-46,20-041,CHIQUIMULA,IPALA,"COLEGIO PARTICULAR MIXTO ""PROYECCION""",1 AVENIDA 1-35 ZONA 5,79428303,EDGAR ANIBAL MENENDEZ VELASQUEZ,AURA GUILLERMINA P�REZ,DIVERSIFICADO,PRIVADO,URBANA,ABIERTA,MONOLINGUE,VESPERTINA,DIARIO(REGULAR),CHIQUIMULA
20-11-1518-46,20-034,CHIQUIMULA,IPALA,INSTITUTO DE EDUCACION DIVERSIFICADA POR COOPERATIVA DE ENSE�ANZA,"1 CALLE ""A"" 4-98 ZONA 1",36302107,BYRON HORACIO SARCE�O ZEPEDA,JACINTA ESTELA FOLGAR SANDOVAL DE ARGUETA,DIVERSIFICADO,COOPERATIVA,URBANA,ABIERTA,MONOLINGUE,VESPERTINA,DIARIO(REGULAR),CHIQUIMULA
20-11-1554-46,20-041,CHIQUIMULA,IPALA,COLEGIO PARTICULAR MIXTO CAT�LICO NUESTRA SE�ORA DE LA ESPERANZA,"1A. AVENIDA 3-99 ZONA 2, SECTOR BARRIO LA REFORMA",58981789,EDGAR ANIBAL MENENDEZ VELASQUEZ,SUSETTE DOLORES LAM P�REZ DE ARGUETA,DIVERSIFICADO,PRIVADO,URBANA,ABIERTA,MONOLINGUE,VESPERTINA,DIARIO(REGULAR),CHIQUIMULA
20-11-2086-46,20-041,CHIQUIMULA,IPALA,COLEGIO PRIVADO DE BACHILLETARO POR MADUREZ EMMANUEL,RUTA NACIONAL 1-23 ZONA 1,46350501,EDGAR ANIBAL MENENDEZ VELASQUEZ,CELMA YOLANDA MORALES SALGUERO DE MONROY,DIVERSIFICADO,PRIVADO,URBANA,ABIERTA,MONOLINGUE,DOBLE,FIN DE SEMANA,CHIQUIMULA
